{"cameraMode":{"drawMode":0,"name":"Shaded","section":"Shading Mode"},"sceneLighting":false,"audioPlay":false,"sceneViewState":{"showFog":true,"showMaterialUpdate":false,"showSkybox":false,"showFlares":true,"showImageEffects":true,"showParticleSystems":true},"in2DMode":false,"pivot":{"x":-1.3059167861938477,"y":5.058104515075684,"z":-21.5},"rotation":{"x":0.14759227633476258,"y":-0.47731009125709536,"z":0.08168782293796539,"w":0.8624041080474854},"size":3.401561975479126,"orthographic":false}