{"cameraMode":{"drawMode":0,"name":"Shaded","section":"Shading Mode"},"sceneLighting":true,"audioPlay":false,"sceneViewState":{"showFog":true,"showMaterialUpdate":false,"showSkybox":true,"showFlares":true,"showImageEffects":true,"showParticleSystems":true},"in2DMode":false,"pivot":{"x":-1.3059167861938477,"y":5.058104515075684,"z":-21.5},"rotation":{"x":0.2084025889635086,"y":-0.5096547603607178,"z":0.12878179550170899,"w":0.8247779607772827},"size":15.46627426147461,"orthographic":false}