{"cameraMode":{"drawMode":0,"name":"Shaded","section":"Shading Mode"},"sceneLighting":true,"audioPlay":false,"sceneViewState":{"showFog":true,"showMaterialUpdate":false,"showSkybox":true,"showFlares":true,"showImageEffects":true,"showParticleSystems":true},"in2DMode":false,"pivot":{"x":-14.097043991088868,"y":3.9829187393188478,"z":-16.929155349731447},"rotation":{"x":0.131632000207901,"y":-0.5118260979652405,"z":0.07971256226301193,"w":0.8452078700065613},"size":4.041658401489258,"orthographic":false}