{"cameraMode":{"drawMode":0,"name":"Shaded","section":"Shading Mode"},"sceneLighting":false,"audioPlay":false,"sceneViewState":{"showFog":true,"showMaterialUpdate":false,"showSkybox":false,"showFlares":true,"showImageEffects":true,"showParticleSystems":true},"in2DMode":false,"pivot":{"x":-7.46999979019165,"y":3.4000000953674318,"z":-5.099999904632568},"rotation":{"x":0.2084025889635086,"y":-0.5096547603607178,"z":0.12878179550170899,"w":0.8247779607772827},"size":4.041658401489258,"orthographic":false}