{"cameraMode":{"drawMode":0,"name":"Shaded","section":"Shading Mode"},"sceneLighting":true,"audioPlay":false,"sceneViewState":{"showFog":true,"showMaterialUpdate":false,"showSkybox":true,"showFlares":true,"showImageEffects":true,"showParticleSystems":true},"in2DMode":false,"pivot":{"x":4.355706214904785,"y":3.2799997329711916,"z":1.5847982168197632},"rotation":{"x":0.1491573601961136,"y":0.46040359139442446,"z":-0.0787925198674202,"w":0.871544361114502},"size":27.212705612182618,"orthographic":false}