{"cameraMode":{"drawMode":0,"name":"Shaded","section":"Shading Mode"},"sceneLighting":true,"audioPlay":false,"sceneViewState":{"showFog":true,"showMaterialUpdate":false,"showSkybox":true,"showFlares":true,"showImageEffects":true,"showParticleSystems":true},"in2DMode":false,"pivot":{"x":-1.305916666984558,"y":3.733104705810547,"z":3.759395122528076},"rotation":{"x":0.010807833634316922,"y":-0.7159433960914612,"z":0.6981387138366699,"w":0.011157738976180554},"size":49.9897346496582,"orthographic":false}