{"cameraMode":{"drawMode":0,"name":"Shaded","section":"Shading Mode"},"sceneLighting":false,"audioPlay":false,"sceneViewState":{"showFog":true,"showMaterialUpdate":false,"showSkybox":false,"showFlares":true,"showImageEffects":true,"showParticleSystems":true},"in2DMode":false,"pivot":{"x":0.579512357711792,"y":-0.22831881046295167,"z":-0.0726378858089447},"rotation":{"x":0.0026819808408617975,"y":0.9394597411155701,"z":-0.3427254259586334,"w":0.006742671597748995},"size":2.197967529296875,"orthographic":false}